username,bot,status
piakexpea,True,banned
FairyGleamz,True,banned
LaliDancingShoes,True,banned
viontra7,True,banned
MoanRanger33,True,banned
lahstcuo,True,banned
Marly_Mar_91,True,banned
TodayThin5781,True,banned
LaliInvisibleCloak,True,banned
Impressive-Party-325,True,banned
runawaybbride,True,banned
captainblackfalcon,True,banned
sweetnancyy,True,banned
ivania8_z31xx,True,banned
InevitableCookie226,True,banned
LaliSingingBone,True,banned
LaliMagicCarpet,True,banned
Limp-Kitchen1000,True,banned
BionicWither63736,True,banned
occupamy,True,banned
FormalRead3239,True,banned
miaowmiaow_,True,banned
Dramatic-Fail-104,True,banned
beccaxteach,True,banned
Cheponsky,True,banned
bicebird,True,banned
pareebis,True,banned
Local-Cable8296,True,banned
Top_Pen_775,True,banned
InfamousCall1952,True,banned
WDZOMBI33,True,banned
imcue,True,banned
FairyMadelyn24,True,banned
SojuLantern,True,banned
Thebluepill13,True,banned
Over_Anywhere_7518,True,banned
Pamperme-Daddy,True,banned
Hot-Definition-2505,True,banned
LustFindingTears,True,banned
Certain-Werewolf-846,True,banned
I-Sac,True,banned
kiddiepoolkara,True,banned
Full_Seat_6880,True,banned
Powerful-Jury-9124,True,banned
Academic_Bandicoot_6,True,banned
Automatic_Fig153,True,banned
Sad_Reserve_2434,True,banned
Most_Ship1190,True,banned
Typical_Toe_3610,True,banned
North_Yam2787,True,banned
Short_Story_434,True,banned
kthomason91,True,banned
Sophie_Hentai,True,banned
mendaith,True,banned
Powerful_Method932,True,banned
Hitler_is_dad6969,True,banned
Brogantimmons,True,banned
lamando66,True,banned
TinyBreakfast6510,True,banned
HeavyBoulder,True,banned
master_lop,True,banned
Mr_Sundae,True,banned
CabinetDependent211,True,banned
Insertname225,True,banned
bigbabysteph122,True,banned
BangTheoryGal,True,banned
mr_silent_s,True,banned
K-Webb-2,True,banned
Far-Article1753,True,banned
HotPiano2902,True,banned
Timmerken,True,banned
Guilty-Mastodon1187,True,banned
Sea-Proposal-4927,True,banned
CherryVelvet_,True,banned
Forsaken-Stranger-74,True,banned
Wise_Mouse1126,True,banned
AcheloisX91,True,banned
zla24,True,banned
Bonzer1uk,True,banned
Mission-Lab-5497,True,banned
No_Conflict9449,True,banned
fatfreebird,True,banned
BurritoBabe_1,True,banned
Organic_Atmosphere,True,banned
magicelves,True,banned
PetalBlush_,True,banned
After-Resolution-669,True,banned
Only-Protection-7214,True,banned
shanesy1,True,banned
breada19,True,banned
maxariz,True,banned
Practical-Rabbit-155,True,banned
d1ne5y,True,banned
NegotiationWeekly734,True,banned
Low-Bat-5286,True,banned
Vanilla_swurl,True,banned
CollegePersonal6144,True,banned
josh3023,True,banned
randomfugsjdifif,True,banned
GigiWaffles,True,banned
bullweiser89,True,banned
brantom,True,banned
rasfwnhp,True,banned
Due-Pain2555,True,banned
Micinak,True,banned
Massive_Principle522,True,banned
BlushPeeve,True,banned
Amazing_Rub3175,True,banned
Enailis,True,banned
dodonnell,True,banned
Few-Grapefruit2128,True,banned
me51678,True,banned
Odd_Tough_2684,True,banned
Extension_Two_4399,True,banned
-GMLE-,True,banned
chrushhorn4,True,banned
Exciting_Key3771,True,banned
7hriv3,True,banned
GlowPeony_,True,banned
Perfect-Number-4915,True,banned
TacoTease10,True,banned
7Sneezes,True,banned
BoldGleams,True,banned
gianniskouremenos3,True,banned
sirmixedalot23,True,banned
LovelyAllison46,True,banned
NeckNo1050,True,banned
sewa97,True,banned
Status-Anxiety6617,True,banned
unloadedboar,True,banned
Character_Reply_3745,True,banned
Dhanush_277,True,banned
joan69lama,True,banned
LargeSkirt8911,True,banned
yy0141,True,banned
Yazaghal,True,banned
OrngJuiice,True,banned
TrickClassroom6022,True,banned
feistyvirgo,True,banned
ScarletFox99,True,banned
GildedDoll,True,banned
Initial-Shoe-7288,True,banned
SonomaValleyRoleplay,True,banned
sierra_sky27,True,banned
dyslexicbutnotreally,True,banned
InitialTension8916,True,banned
filkbcwa,True,banned
Simsim123454321,True,banned
goyongj,True,banned
Fragrant-Instance-33,True,banned
No-Condition3245,True,banned
Physical_Diver_2866,True,banned
hienyimba,True,banned
Ambitious_Berry_5692,True,banned
tilvkoms,True,banned
Cautious-Bonus-7893,True,banned
givemeaname23,True,banned
norlphxi,True,banned
Wide_Bookkeeper_5376,True,banned
Electronic-Bit-6032,True,banned
liltkyir,True,banned
ValienteChaparro,True,banned
TyphoonBlizzard,True,banned
CherryFrost_18,True,banned
Dismal-Pin5194,True,banned
MagicKennedy23,True,banned
InnerInevitable9675,True,banned
Impossible-Day-4725,True,banned
Longjumping_Tone_469,True,banned
amelikare,True,banned
LtCmdrData,True,banned
defino321,True,banned
tac0dog19,True,banned
FoxyLace7,True,banned
Lolao_Birchs,True,banned
WeirdImpo,True,banned
Hungry-Theory4181,True,banned
DramaticJackfruit710,True,banned
DiscussionLocal1279,True,banned
GovernmentNo5341,True,banned
musigalglo,True,banned
TieAltruistic256,True,banned
Queasy_Engineering40,True,banned
OkProcedure7640,True,banned
jeremylabr,True,banned
SheWhoBloomz,True,banned
Reasonable_Tap_3733,True,banned
Fun_Light_6475,True,banned
fairylike_luv,True,banned
SilkenCaress,True,banned
Mission_Salt2080,True,banned
PastelStrike,True,banned
CozyGoddesss,True,banned
Away_Ring_4494,True,banned
lelhvras,True,banned
elephantwhirlpool,True,banned
Ok_Block_3770,True,banned
SubstantialBear1173,True,banned
kimero123,False,organic
Calm_Recording_9560,True,banned
Brave-King9209,True,banned
jylek,True,banned
deluluu09,True,banned
MossEaten,True,banned
Effective_Watch6972,True,banned
Sweaty-Student-5459,True,banned
Better-Insurance2357,True,banned
FreeTormund,True,banned
lapcyvok,True,banned
SirSteelNips,True,banned
Wild_Clerk_2647,True,banned
Darsh_Kumar35,True,banned
Krisaaa1_,True,banned
JuliaVibid,True,banned
CrackUpThatStock,True,banned
Blackie2414,True,banned
kinojq1,True,banned
LandonAshmere26,True,banned
SimonTheWeirdo,True,banned
spicyymirage2,True,banned
No-Jackfruit8230,True,banned
Psychotic_Jujus,True,banned
Striking_Dingo8225,True,banned
No_Dragonfly_9143,True,banned
doodicussonofdood,True,banned
Legal-Bodybuilder290,True,banned
rakbslym,True,banned
Content-School-2116,True,banned
Few-Task3999,True,banned
Effective_Joke_354,True,banned
Slight-Investment-76,True,banned
AplikaAtHome,True,banned
Spare-Hour7762,True,banned
Excellent_Height_112,True,banned
LandonAshmere24,True,banned
Bored_ASF21,True,banned
LandonAshmere25,True,banned
CloudySarah25,True,banned
OuSarahcuda,True,banned
Adorable-Pumpkin-163,True,banned
seitman,True,banned
Proof-Occasion7093,True,banned
Ok-Barracuda-358,True,banned
Entire_Copy760,True,banned
One_Television_861,True,banned
Smooth_Purple6116,True,banned
jasper1202,True,banned
Few_Chest_2472,True,banned
Ok-Definition9083,True,banned
Artistic_Durian5533,True,banned
Lilpiinkelii,True,banned
_ojasgambheera,True,banned
Ensalto,True,banned
feedmeshneed,True,banned
Background_Bit_2505,True,banned
Few_Time4796,True,banned
Good_Lemon_7432,True,banned
Enough_Appeal_5459,True,banned
lanajay__,True,banned
AfghanNoodle,True,banned
zahector,True,banned
koduuu16,True,banned
Earth-Administrative,True,banned
ante43,True,banned
SoftiePeyton28,True,banned
Then-Print3116,True,banned
LunaBaggit,True,banned
TipTapTopMan,True,banned
SupremeBootyO,True,banned
Therealfireava8197,True,banned
Pure-Chance-6389,True,banned
Familiar-Ad3148,True,banned
kafapzyw,True,banned
Aadhirahitty1,True,banned
Kind-Big3448,True,banned
romero69420,True,banned
Jwillie1084,True,banned
Sad-Shine4206,True,banned
ArkenTheAmerikan,True,banned
Da_sage008,True,banned
Pearly_Fizz09,True,banned
Active_Fee_7380,True,banned
Bradwilko,True,banned
CherryRiotIn,True,banned
Ok-Mention-4087,True,banned
Robi3357,True,banned
MissHollyweed,True,banned
KunivaAka,True,banned
Ava_Ammaire,True,banned
j-slayer_1369,True,banned
GloveParticular8971,True,banned
Legal-Leave-6511,True,banned
Zestyclose_Fox_5042,True,banned
Beginning-Throat-547,True,banned
Is-alayza,True,banned
ParsnipOk2604,True,banned
KimKimBerry,True,banned
Amilia_Marveen,True,banned
MtNickalaycia,True,banned
PlayfulVixen6,True,banned
LunaBoozedxs,True,banned
Zannott,True,banned
rinova_macgrils,True,banned
stela_juleya,True,banned
TapLittle7779,True,banned
Technical-Square-362,True,banned
LunaWoozitss,True,banned
cheesusmaster,True,banned
Used_Monitor_1292,True,banned
Entire_Storage296,True,banned
Practical-Echo1732,True,banned
Sufficient-Poet-3621,True,banned
TwistedDreams2007,True,banned
GBBU1,True,banned
No-Letterhead-4407,True,banned
Normal_Ad_6645,False,declined
FairyGabriella48,True,banned
BunsMcNuggets,False,declined
Later_Doober,False,declined
nefaariowarbear,False,declined
TwoIdleHands,False,declined
OliviaWoodtiiny,True,banned
Desperate-File-3230,False,declined
Seth_Mithik,False,declined
trk_rocks,True,banned
Bigfish1851,False,declined
MoreRamenPls,False,declined
2407s4life,False,declined
LionBig1760,False,declined
Nice-Decision5024,True,banned
Bubbleteaze,True,banned
Visible-Angle-2711,False,declined
Remarkable_Edge_4582,True,banned
XR3TroBeanieX,False,declined
MaleficentWindow8972,False,declined
LearnGrowExist,False,declined
dirk-diggler82,False,declined
Emotional-Boat-4671,False,declined
Specialist-Essay-726,False,declined
Harman361__,True,banned
LonelyEnergy5943,True,banned
Character_Let3309,True,banned
PinkyElla29,True,banned
alise_mairex,True,banned
Dizzzy777,False,declined
r117sr,False,declined
Livid_Swordfish_5525,False,declined
greedygirlmariee,True,banned
Immediate-Long-6760,True,banned
New_Advice_5091,True,banned
alfalfa-as-fuck,False,declined
sweetheart4012,False,declined
SnooMachines4347,False,declined
Sorry_Pop4672,True,banned
GroundbreakingCod132,False,declined
Grouchy-Engine1584,False,declined
Accomplished-Loss387,False,declined
PragmaticPacifist,False,declined
DysfuhKingeye,False,declined
TpK_Wynter,False,declined
BigBootyBasilisk,False,declined
AmputeeHandModel,False,declined
buckao,False,declined
perashaman,False,declined
intothewoods76,False,declined
Sad_Security_2550,False,declined
Maryjanegangafever,False,declined
ClimaximumBabe,True,banned
Little-Trucker,False,declined
Upstairs-Radio-1780,True,banned
Kaabob24,False,declined
New-Bar-420,False,declined
Bioth28,False,declined
sonofaresiii,False,declined
SnackHoe3,True,banned
Flimsy_Ad6943,True,banned
BoomerSoonerFUT,False,declined
MobileCreepy7213,False,declined
affiliates18,True,banned
Every-Ice-3009,False,declined
Famous-Example-8332,False,declined
TrevorMalibu,False,declined
kakotauy,True,banned
peygibbs98,True,banned
simmons_janifar,True,banned
DireKnife,False,declined
ATXDUDEPUMPER,False,declined
Organic-Repeat7348,True,banned
cdanpg,False,declined
Efficient_Guard5014,True,banned
Less_Object7879,False,declined
Timely_Philosophy923,True,banned
Mialoris,True,banned
junostr,False,declined
Civil_Fox_2194,True,banned
JeremyHerzig11,False,declined
Ornery_Guess1474,False,declined
Most-Butterscotch610,True,banned
misoxecima393,True,banned
SoftSugarRushxo,True,banned
Careful-Sell-9877,False,declined
handry_lusina,True,banned
dogheoner1,False,declined
Prestigious_Union419,True,banned
toast_eater_,False,declined
cellphone_blanket,False,declined
Witty-Ad5973,False,declined
Niarbeht,False,declined
pagetodd,False,declined
Reasonable-Fault-726,True,banned
lotuswispie,True,banned
Ok-Fortune-8644,False,declined
jake20240612,True,banned
Big_Tart_1787,True,banned
Leverkaas2516,False,declined
HoneyVelvetxox,True,banned
Tauran_Avril,True,banned
Humble-Rhubarb9258,True,banned
maslova-inna9w06u,True,banned
BalanceJazzlike5116,False,declined
Free_Muffin_9854,True,banned
Cloud_N0ne,False,declined
That_Dependent_3265,False,declined
AdGloomy2164,True,banned
kesxjopx,True,banned
xrayrob2022,False,declined
Head_Bread_3431,False,declined
Hot-Rub-9107,True,banned
KifaruKubwa,False,declined
drummerpaul1977,True,banned
No_Passage6856,True,banned
Early_Occasion3403,False,declined
Ok-Implement-1139,False,declined
DaintyBailey33,True,banned
CriticalWhereas2700,True,banned
Far-Entertainment258,False,declined
Mental_Scientist1278,True,banned
InternSignificant26,False,declined
PM_ME_4NYTH1NG,True,banned
Full_Jeweler521,False,declined
periperi_mandhi,True,banned
Time-Economics4420,False,declined
NovelNarwhal9570,True,banned
Agile_Instruction_65,True,banned
Liquid-Space,False,declined
melesnlt,True,banned
Wonderful_Eagle_6547,False,declined
CerealWithBooty,True,banned
JoeDyenz,False,declined
Bustercrimez,True,banned
scienceisrealtho,False,declined
LadyLustalot55,True,banned
roykentjr,False,declined
Fair_Spread_2439,False,declined
husky_whisperer,False,declined
AtomicKittyOverdrive,True,banned
chloesnovel,True,banned
ThreeKiloZero,False,declined
Silent-carcinogen,False,declined
Upset-Waltz-8952,False,declined
Zero_lash,False,declined
Badbullet,False,declined
DistinctAstronaut828,False,declined
Tricky_Mix2449,False,declined
BlueberriesCraveIron,True,banned
AllVTerrain,False,declined
5L0pp13J03,False,declined
CapnGrundlestamp,False,declined
UnzipGalaxy77,True,banned
Key_Departure187,False,declined
AceGalactica,False,declined
Ms_Emilys_Picture,False,declined
Huntthatmoney,False,declined
CupcakeClaptrap,True,banned
Human-Sheepherder797,False,declined
Rose_Rebellion,True,banned
Blossom_Nyx,True,banned
ElegantEves,True,banned
Nice_Ad_777,False,declined
Ok-Public495,True,banned
Stepjam,False,declined
TangerineParcel,True,banned
ShadowsOfTheBreeze,False,declined
echoedMarzipan,True,banned
Impressive-Elk260,True,banned
NessaLushx,True,banned
ThisName_isStolen,False,declined
hotwife11111,False,declined
Whole_Commission_702,False,declined
New-Heart-6948,True,banned
ryobivape,False,declined
Silent-Hyena9442,False,declined
7thpostman,False,declined
BlushiePetals,True,banned
UTDE,False,declined
Ok-Albatross899,False,declined
TensionNo4623,False,declined
EchoingThistle,True,banned
Still--Typing,True,banned
ArtSignificant6255,True,banned
Spirited-Tonight6043,False,declined
Ok_Nothing_8028,False,declined
Exrly-,True,banned
RustedHarbor,True,banned
penisproject,False,declined
SpankmeXy,True,banned
dragcuda74,False,declined
LilaRosewood7,True,banned
thenikolaka,False,declined
Kasta4,False,declined
ThisBasket599,True,banned
Snoo93550,False,declined
PennDA,False,declined
No1hammer1964,False,declined
Silver-Island-9613,True,banned
Lonely_Ad_3652,True,banned
Disastrous_Trip3137,False,declined
PokeyPete,False,declined
BaltoDad,False,declined
MacDynamite71,False,declined
SecretConflagration,True,banned
JoshuasOnReddit,False,declined
Shun1313,True,banned
Passed1stGrade,False,declined
Repulsive-Spend-49,False,declined
IllvesterTalone,False,declined
urbanlife78,False,declined
HowUKnowMeKennyBond,False,declined
ResponsibleDott,True,banned
ambercrush,False,declined
itszenbaby,True,banned
SadisticHornyCricket,False,declined
cutielanaxx,True,banned
PsychologicalToe1759,True,banned
Boobatron5k,False,declined
mesupporter,False,declined
ant1667nyc,False,declined
Jarl_Groki,False,declined
Cwaazy,True,banned
Lopsided-Head-5143,False,declined
Confident-Service256,False,declined
Common-Breath-7783,True,banned
igotchees21,False,declined
Theharlotnextdoor,False,declined
xChoke1x,False,declined
Electronic-Damage946,True,banned
adavidmiller,False,declined
Ecstatic-Total-9953,False,declined
MyldExcitement,False,declined
NuggetsRoyalsChiefs,False,declined
foogmaster1967,False,declined
pedantic-medic,False,declined
itsapotatosalad,False,organic
unicornative,False,declined
SnickerGem,True,banned
zjelkof,False,declined
Exporrigo2,False,declined
gulaglady_,True,banned
CHRISTEN-METAL,False,declined
mekfappg,True,banned
BEEF_Toad,False,declined
Putrid-Delivery1852,False,declined
Great-Gas-6631,False,declined
yaboyACbreezy,False,declined
Kitchen_Reference9,False,declined
GeorgeMcCrate,False,declined
Ill-Description3096,False,declined
Capable-Entrance6303,False,declined
dranaei,False,declined
fiddqpvk,True,banned
suddenlynotbanned,False,declined
StrangeContest4,False,declined
InevitablePassage135,True,banned
BitterHoneyBitexo,True,banned
lagan_derelict,False,declined
ThatUsernameIsTaekin,False,declined
mckeevertdi,False,declined
Shaggybaby10,True,banned
NefariousnessLow1385,False,declined
Sufficient-Plum-9084,True,banned
Diligent_Catch_3062,False,declined
hellolovely1,False,declined
Embarrassed_Reply324,True,banned
Otherwise_Credit9218,True,banned
Jack07940,True,banned
Patr10t4,True,banned
LickingSmegma,False,declined
AffectionateTip7650,False,declined
OilPainterintraining,False,declined
iugrad91,True,banned
Shot-Camp-6091,True,banned
Sayian-SSJB,False,declined
BobLazarFan,False,declined
BootySweat0217,False,declined
Plane_Buddy69,True,banned
Special_South_8561,False,declined
hhaxxell,True,banned
CycleAcceptable9523,True,banned
TheOneCalledD,False,declined
ElectricNinja1,False,declined
ActualFactor5722,True,banned
ConfidenceAgitated16,False,declined
FartMagic1,False,declined
Lana_Avril,True,banned
Prestigious-One2089,False,declined
StevieMack1,False,declined
watchwatertilitboils,False,declined
Logical_Smile_5414,False,declined
DrakonILD,False,declined
IndependentThink4698,False,declined
fatmanstan123,False,declined
LessRespects,False,declined
SeriousBox1942,True,banned
Itsabouttagodown,False,declined
elciano1,False,declined
Fine-Pie-115,False,declined
Juudd-bhc,False,declined
ErasmosOrolo,False,declined
Obvious-Truck-6653,True,banned
bgbalu3000,False,declined
Drmlk465,False,declined
OnlyFiveLives,False,declined
CaptainC00lpants,False,declined
impy695,False,declined
good_witch_vibes,False,declined
limsus,True,banned
rima_molisa,True,banned
tmayyy044,True,banned
ConsistentAspect4787,True,banned
seeyouyoucunt,False,declined
External_Demand_8839,False,declined
WanderingLost33,False,declined
InevitableType9990,False,declined
Othercheek293Sugie,False,declined
northwoods_faty,False,declined
dopescopemusic,False,declined
Top-Caterpillar7412,True,banned
Trading_shadows,False,organic
Soggy-Fly9242,False,declined
madden360,True,banned
Slmcmahon,False,declined
Due_Ad6145,False,declined
bilgisizinsanolgi2,True,banned
TrollDevelopper,True,banned
cheese_with_tomato,True,banned
PatentedPotato,False,declined
CloudyHoneyJarxx,True,banned
Scrotatoes,False,declined
aaverageboykisser,True,banned
Mission-Kitchen-2051,True,banned
DarmokBuiscuits,False,declined
SoManyEmail,False,declined
Vast-Notice-900,True,banned
GildedWink,True,banned
Ashamed_Product2696,True,banned
ChonkFoxy,True,banned
Gekko8,False,declined
spawl123,False,declined
Cocksleeve2,True,banned
Embarrassed_Towel707,False,declined
saywhatnaww,False,declined
Nemisis_007,False,declined
QuidProJoe2020,True,banned
Diligent-Leader4088,True,banned
FrankLangellasBalls,False,declined
Round_Preference3823,True,banned
PizzaFrenchToast,False,declined
Lanky_Substance5969,False,declined
ShenaniganStarling,False,declined
EternalNewCarSmell,False,declined
Drinkdrankdonk,False,declined
Fragrant_Proof,False,declined
Weary_Marzipan_9048,True,banned
LewkieSE,False,declined
JONPRIVATEEYE,False,declined
SimonPho3nix,False,declined
Ras-haad,False,declined
Scorpion2k4u,False,declined
2542522909,False,organic
MagicScarlett21,True,banned
MagicMan-1961,False,declined
SpotCreepy4570,False,declined
Effective_Writer8074,False,declined
DearDeerDoe,False,declined
Holiday_Adagio_4702,False,declined
These_Aardvark1527,False,declined
CharmingScholarette,False,declined
xendazzle,False,declined
effinfantastic,True,banned
CKACCEO,False,declined
Real23Phil,False,declined
kevendo,False,declined
twiztdkat,False,declined
Real_Run_4758,False,declined
BackgroundNo8340,False,declined
Feisty_Ad_2744,False,declined
Cocrawfo,False,declined
SarahPallorMortis,False,declined
Cautious_Affect_469,True,banned
AndreaSys,False,declined
WanderingDude182,False,declined
ImRonniemundt,False,declined
MrTulaJitt,False,declined
DM_Voice,False,declined
senc2bar,True,banned
Consistent_Injury791,True,banned
Fragrant-Listen-2704,True,banned
Radiant_Extent731,True,banned
Special_Economics_78,True,banned
Fluffy_Spare_1318,True,banned
CyberNate64,True,banned
InspectionWorldly812,True,banned
LazyAd4132,False,declined
SavageCucmber,False,declined
greengo07,False,declined
I_was_a_sexy_cow,False,declined
Darkbrianmcampos,True,banned
Optimal-Employer6481,True,banned
No_Street8874,False,declined
OatmealObsession23,True,banned
Informal_School2724,False,declined
pmyourthongpanties,False,declined
Frya_Patrick,True,banned
Ill_Manufacturer1590,False,declined
Remarkable-Ad2285,False,declined
AlertEmployment9833,True,banned
Latisa_Maire,True,banned
desrevermi,False,declined
Just-Incident6458,True,banned
Difficult-Ad-4654,False,declined
HarbingerShiny,False,declined
12390909099099,True,banned
GladWrongdoer3551,True,banned
Middle_Lock8469,True,banned
srealfox,False,declined
Majestic_Craft1887,False,declined
CosmosMonster7,True,banned
Venus_Cat_Roars,False,declined
PinkBoxPro,False,declined
Plus_Law_6689,True,banned
Massive_Reaction8845,False,declined
Ro_Yo_Mi,False,declined
Euphoric_Ad8910,False,declined
Kawaii_tienchan,False,organic
Tall_Union5388,False,declined
Stormer111,False,declined
No_Smell_8547,False,declined
Fun_Wood27,False,declined
Xfgjwpkqmx,False,declined
Live_Length_5814,False,declined
xxTheMagicBulleT,False,declined
Lordnoallah,False,declined
ThiccStormPhoenix,True,banned
alwayskared,False,declined
Happens-,True,banned
funkykittenz,False,declined
BLF402,False,declined
Elegant-Inside9727,True,banned
ImpressiveSimple8617,False,declined
GridlockLookout,False,declined
pzombielover,False,declined
GEELANI_SNAG,True,banned
REDDITSHITLORD,False,declined
UwU4Lust,True,banned
MoanopolyDeal201,True,banned
Difficult_Control_69,True,banned
EmuZealousideal1966,True,banned
Old-Fashioned-168,True,banned
Western-Soup-6,True,banned
iwilltellhim,True,banned
ImpossibleInternet3,False,declined
McZell,False,declined
tom-branch,False,declined
bookon,False,declined
Delicious-Outside478,True,banned
VigilantVet,False,declined
pointless_shan,True,banned
SkeezySevens,False,declined
Sproketz,False,declined
Schmooto,False,declined
Perfecshionism,False,declined
ThreeSloth,False,declined
united_posterity,True,banned
RestFar1697,True,banned
Top-Afternoon-8315,True,banned
nice_feller,True,banned
CloneFiesta,True,banned
cumhurka,True,banned
Thin_Border_9417,True,banned
darth_vader339,True,banned
DevelopmentBusy2644,True,banned
eatsumsketti,False,declined
Fun_Literature2741,True,banned
Informal-Bicycle-349,False,declined
AwarenessBest9645,True,banned
fastingslowlee,False,declined
OMG_a_Ray_Gun,False,declined
mira-_-,True,banned
lea_dvny,True,banned
HeraldofCool,False,declined
Mego_dafuqq,True,banned
Altruistic692,False,declined
OddCorner5629,True,banned
Ribky,False,declined
scottvienna,True,banned
USN_CB8,False,declined
Odd-Put-2825,True,banned
TheFloweryCyclisst,True,banned
cultivatedsenator155,True,banned
PissinginTheW1nd,False,declined
savoryannuity6162,True,banned
StunningCoconut2265,False,declined
RebelDefection,True,banned
Standard-March6506,False,declined
Inner_Possibility310,True,banned
Researcher-52,False,declined
Yeahitswhatevaa,False,declined
Mobirae,False,declined
Fragrant_Difficulty6,False,declined
ballplayer5,False,declined
NA_nomad,False,declined
sauga4ever,True,banned
Me_ina_pink_skirt,False,declined
BNG1982,False,declined
netmin33,False,declined
mihawk101,False,organic
anonanon5320,False,declined
Available-Secret-372,False,declined
Suspicious_Line_2910,False,declined
Adderall_Rant,False,declined
FairySadie29,True,banned
The_Pixel_Knight,False,declined
Nel1nkq,True,banned
PionV,False,declined
BedRevolutionary8584,False,declined
West_Boot7246,False,declined
NostalgiaEterna_,False,organic
Mr-Big-Nicky-P,False,declined
Ok-Loss-2496,False,declined
pgtvgaming,False,declined
Plus_Operation2208,False,declined
Expert-Novel-6405,False,declined
Dmau27,False,declined
SatisfactionFair8004,True,banned
Freodrick,False,declined
spaacingout,False,declined
MONSTERBEARMAN,False,declined
Unhappy_Suit933,False,declined
Belz_Zebuth,False,declined
GoatDifferent1294,False,declined
Daisy_Poppy-,True,banned
Grand-Professional-6,False,declined
slipstream0,True,banned
IamREBELoe,False,declined
JonasBona,False,declined
duffelbagpete,False,declined
Upset-Masterpiece218,False,declined
Proper_Rush_9367,False,declined
RosyTwinkle-Belle,True,banned
GigglesInGarters,True,banned
Living_on_Tulsa_Time,False,declined
208MtbBarber,False,declined
GatewayArcher,False,declined
T-rashKitten,True,banned
mess1ah1,False,declined
Lola1024,True,banned
paradisefound4177,False,declined
auntie_eggma,False,declined
Coffeedemon,False,declined
Pawz23,False,declined
patronizingperv,False,declined
Puzzleheaded_Smoke77,False,declined
OppositePay2624,True,banned
TurboSuccubusSupreme,True,banned
SomeoneFunctional,False,declined
touchdowndaffy,True,banned
shutterbug1961,False,declined
gaudy_allegory,True,banned
Real_Live_Sloth,False,declined
Horror_Salt1523,False,declined
freddbare,False,declined
NikkisLockedProperty,True,banned
mycolo_gist,False,declined
MrHoboRisin,False,declined
Extreme_Today_984,False,declined
DudeYumi,False,declined
Cubensio,False,declined
SuperRetroPod,False,declined
alexis3024,True,banned
livcakes1000,True,banned
SpiceItSoftly,True,banned
Best-Climate2166,True,banned
piernasflacas81,False,declined
JuliDmc,True,banned
leda90,True,banned
Any_Demand_6272,True,banned
stellalunaSuisse,True,banned
Novel-Truth-6468,False,declined
_Six6__,True,banned
Nightmare2o9,True,banned
Amilea_Andy,True,banned
Pleasant-Bonus-866,False,declined
SupremeSpankzilla,True,banned
Gweedo1967,False,declined
Anteater-Charming,False,declined
Ok_Yam5543,False,declined
No-Willingness-170,False,declined
ImpossibleCurve8613,False,declined
Specialist_Most_7338,False,declined
xGemTwinkle,True,banned
AvaSophiaqw,True,banned
